"","ctuniq","Name"
"1","MN000100","Ellis Island"
"2","MN000201","Lower East Side"
"3","MN000202","Lower East Side"
"4","MN000500","Governors Island"
"5","MN000600","Lower East Side"
"6","MN000700","Financial District"
"7","MN000800","Lower East Side"
"8","MN000900","Financial District"
"9","MN001001","Lower East Side"
"10","MN001002","Lower East Side"
"11","MN001200","Lower East Side"
"12","MN001300","Financial District"
"13","MN001401","Lower East Side"
"14","MN001402","Lower East Side"
"15","MN001501","Financial District"
"16","MN001502","Financial District"
"17","MN001600","Chinatown"
"18","MN001800","Lower East Side"
"19","MN002000","East Village"
"20","MN002100","Tribeca"
"21","MN002201","Lower East Side"
"22","MN002202","East Village"
"23","MN002400","East Village"
"24","MN002500","Lower East Side"
"25","MN002601","East Village"
"26","MN002602","East Village"
"27","MN002700","Lower East Side"
"28","MN002800","East Village"
"29","MN002900","Lower East Side"
"30","MN003001","Lower East Side"
"31","MN003002","East Village"
"32","MN003100","Tribeca"
"33","MN003200","East Village"
"34","MN003300","Tribeca"
"35","MN003400","East Village"
"36","MN003601","Lower East Side"
"37","MN003602","East Village"
"38","MN003800","East Village"
"39","MN003900","Tribeca"
"40","MN004000","East Village"
"41","MN004100","Little Italy"
"42","MN004200","Greenwich Village"
"43","MN004300","Little Italy"
"44","MN004401","Stuyvesant Town"
"45","MN004402","Gramercy"
"46","MN004500","SoHo"
"47","MN004700","SoHo"
"48","MN004800","Gramercy"
"49","MN004900","SoHo"
"50","MN005000","Gramercy"
"51","MN005100","SoHo"
"52","MN005200","Flatiron District"
"53","MN005300","SoHo"
"54","MN005400","Flatiron District"
"55","MN005501","Greenwich Village"
"56","MN005502","NoHo"
"57","MN005600","Flatiron District"
"58","MN005700","Greenwich Village"
"59","MN005800","Flatiron District"
"60","MN005900","Greenwich Village"
"61","MN006000","Gramercy"
"62","MN006100","Greenwich Village"
"63","MN006200","Gramercy"
"64","MN006300","Greenwich Village"
"65","MN006400","Gramercy"
"66","MN006500","Greenwich Village"
"67","MN006600","Gramercy"
"68","MN006700","Greenwich Village"
"69","MN006800","Gramercy"
"70","MN006900","West Village"
"71","MN007000","Gramercy"
"72","MN007100","Greenwich Village"
"73","MN007200","Gramercy"
"74","MN007300","West Village"
"75","MN007400","Flatiron District"
"76","MN007500","West Village"
"77","MN007600","Garment District"
"78","MN007700","West Village"
"79","MN007800","Tudor City"
"80","MN007900","West Village"
"81","MN008000","Murray Hill"
"82","MN008100","Chelsea"
"83","MN008200","Murray Hill"
"84","MN008300","Chelsea"
"85","MN008400","Garment District"
"86","MN008600","Turtle Bay"
"87","MN008700","Chelsea"
"88","MN008800","Tudor City"
"89","MN008900","Chelsea"
"90","MN009000","Turtle Bay"
"91","MN009100","Chelsea"
"92","MN009200","Midtown"
"93","MN009300","Chelsea"
"94","MN009400","Midtown"
"95","MN009500","Flatiron District"
"96","MN009600","Midtown"
"97","MN009700","Chelsea"
"98","MN009800","Turtle Bay"
"99","MN009900","Chelsea"
"100","MN010000","Turtle Bay"
"101","MN010100","Garment District"
"102","MN010200","Midtown"
"103","MN010300","Chelsea"
"104","MN010400","Midtown"
"105","MN010601","Sutton Place"
"106","MN010602","Upper East Side"
"107","MN010800","Sutton Place"
"108","MN010900","Garment District"
"109","MN011000","Upper East Side"
"110","MN011100","Clinton"
"111","MN011201","Midtown"
"112","MN011202","Midtown"
"113","MN011203","Midtown"
"114","MN011300","Garment District"
"115","MN011401","Upper East Side"
"116","MN011402","Upper East Side"
"117","MN011500","Clinton"
"118","MN011600","Upper East Side"
"119","MN011700","Clinton"
"120","MN011800","Upper East Side"
"121","MN011900","Midtown"
"122","MN012000","Upper East Side"
"123","MN012100","Clinton"
"124","MN012200","Upper East Side"
"125","MN012400","Upper East Side"
"126","MN012500","Midtown"
"127","MN012600","Upper East Side"
"128","MN012700","Clinton"
"129","MN012800","Upper East Side"
"130","MN012900","Clinton"
"131","MN013000","Upper East Side"
"132","MN013100","Midtown"
"133","MN013200","Upper East Side"
"134","MN013300","Columbus Circle"
"135","MN013400","Upper East Side"
"136","MN013500","Columbus Circle"
"137","MN013600","Upper East Side"
"138","MN013700","Midtown"
"139","MN013800","Upper East Side"
"140","MN013900","Columbus Circle"
"141","MN014000","Upper East Side"
"142","MN014200","Upper East Side"
"143","MN014300","Central Park"
"144","MN014401","Upper East Side"
"145","MN014402","Upper East Side"
"146","MN014500","Upper West Side"
"147","MN014601","Upper East Side"
"148","MN014602","Upper East Side"
"149","MN014700","Upper West Side"
"150","MN014801","Upper East Side"
"151","MN014802","Carnegie Hill"
"152","MN014900","Upper West Side"
"153","MN015001","Upper East Side"
"154","MN015002","Carnegie Hill"
"155","MN015100","Upper West Side"
"156","MN015200","Upper East Side"
"157","MN015300","Upper West Side"
"158","MN015400","Upper East Side"
"159","MN015500","Upper West Side"
"160","MN015601","Upper East Side"
"161","MN015602","East Harlem"
"162","MN015700","Upper West Side"
"163","MN015801","Carnegie Hill"
"164","MN015802","East Harlem"
"165","MN015900","Upper West Side"
"166","MN016001","Carnegie Hill"
"167","MN016002","East Harlem"
"168","MN016100","Upper West Side"
"169","MN016200","East Harlem"
"170","MN016300","Upper West Side"
"171","MN016400","East Harlem"
"172","MN016500","Upper West Side"
"173","MN016600","East Harlem"
"174","MN016700","Upper West Side"
"175","MN016800","East Harlem"
"176","MN016900","Upper West Side"
"177","MN017000","East Harlem"
"178","MN017100","Upper West Side"
"179","MN017201","East Harlem"
"180","MN017202","East Harlem"
"181","MN017300","Upper West Side"
"182","MN017401","East Harlem"
"183","MN017402","East Harlem"
"184","MN017500","Upper West Side"
"185","MN017700","Upper West Side"
"186","MN017800","East Harlem"
"187","MN017900","Upper West Side"
"188","MN018000","East Harlem"
"189","MN018100","Upper West Side"
"190","MN018200","East Harlem"
"191","MN018300","Upper West Side"
"192","MN018400","East Harlem"
"193","MN018500","Upper West Side"
"194","MN018600","Harlem"
"195","MN018700","Upper West Side"
"196","MN018800","East Harlem"
"197","MN018900","Upper West Side"
"198","MN019000","Harlem"
"199","MN019100","Upper West Side"
"200","MN019200","East Harlem"
"201","MN019300","Upper West Side"
"202","MN019400","East Harlem"
"203","MN019500","Upper West Side"
"204","MN019600","East Harlem"
"205","MN019701","Morningside Heights"
"206","MN019702","Harlem"
"207","MN019800","East Harlem"
"208","MN019900","Morningside Heights"
"209","MN020000","Harlem"
"210","MN020101","Morningside Heights"
"211","MN020102","Harlem"
"212","MN020200","East Harlem"
"213","MN020300","Morningside Heights"
"214","MN020400","East Harlem"
"215","MN020500","Morningside Heights"
"216","MN020600","East Harlem"
"217","MN020701","Morningside Heights"
"218","MN020702","Harlem"
"219","MN020800","Harlem"
"220","MN020901","Morningside Heights"
"221","MN020902","Harlem"
"222","MN021000","East Harlem"
"223","MN021100","Morningside Heights"
"224","MN021200","Harlem"
"225","MN021301","Manhattanville"
"226","MN021302","Harlem"
"227","MN021400","Harlem"
"228","MN021600","Harlem"
"229","MN021701","Manhattanville"
"230","MN021702","Harlem"
"231","MN021800","Harlem"
"232","MN021900","Manhattanville"
"233","MN022000","Harlem"
"234","MN022101","Hamilton Heights"
"235","MN022102","Harlem"
"236","MN022200","Harlem"
"237","MN022301","Hamilton Heights"
"238","MN022302","Manhattanville"
"239","MN022400","Harlem"
"240","MN022500","Hamilton Heights"
"241","MN022600","Harlem"
"242","MN022701","Hamilton Heights"
"243","MN022702","Harlem"
"244","MN022800","Harlem"
"245","MN022900","Hamilton Heights"
"246","MN023000","Harlem"
"247","MN023101","Hamilton Heights"
"248","MN023102","Harlem"
"249","MN023200","Harlem"
"250","MN023300","Hamilton Heights"
"251","MN023400","Harlem"
"252","MN023501","Harlem"
"253","MN023502","Harlem"
"254","MN023600","Harlem"
"255","MN023700","Hamilton Heights"
"256","MN023800","Roosevelt Island"
"257","MN023900","Washington Heights"
"258","MN024000","Randals-Wards Island"
"259","MN024100","Washington Heights"
"260","MN024301","Washington Heights"
"261","MN024302","Washington Heights"
"262","MN024500","Washington Heights"
"263","MN024700","Washington Heights"
"264","MN024900","Washington Heights"
"265","MN025100","Washington Heights"
"266","MN025300","Washington Heights"
"267","MN025500","Washington Heights"
"268","MN026100","Washington Heights"
"269","MN026300","Washington Heights"
"270","MN026500","Washington Heights"
"271","MN026700","Washington Heights"
"272","MN026900","Washington Heights"
"273","MN027100","Washington Heights"
"274","MN027300","Washington Heights"
"275","MN027500","Washington Heights"
"276","MN027700","Washington Heights"
"277","MN027900","Washington Heights"
"278","MN028100","Washington Heights"
"279","MN028300","Washington Heights"
"280","MN028500","Washington Heights"
"281","MN028700","Washington Heights"
"282","MN028900","Inwood"
"283","MN029100","Inwood"
"284","MN029300","Inwood"
"285","MN029500","Inwood"
"286","MN029700","Inwood"
"287","MN030100","Inwood"
"288","MN030300","Inwood"
"289","MN030700","Inwood"
"290","MN031100","Washington Heights"
"291","MN031300","Washington Heights"
"292","MN031500","Upper West Side"
"293","MN031701","Battery Park"
"294","MN031702","Chelsea"
"295","MN031900","Financial District"
"296","BX000100","Rikers Island"
"297","BX000200","Clason Point"
"298","BX000400","Clason Point"
"299","BX000500","Hunts Point"
"300","BX001100","Port Morris"
"301","BX001500","Port Morris"
"302","BX001600","Soundview"
"303","BX001700","Port Morris"
"304","BX002000","Soundview"
"305","BX002300","Mott Haven"
"306","BX002400","Soundview"
"307","BX002500","Mott Haven"
"308","BX002701","Mott Haven"
"309","BX002702","Mott Haven"
"310","BX002800","Soundview"
"311","BX003100","Mott Haven"
"312","BX003300","Mott Haven"
"313","BX003500","Mott Haven"
"314","BX003600","Soundview"
"315","BX003700","Mott Haven"
"316","BX003800","Soundview"
"317","BX003900","Mott Haven"
"318","BX004001","Unionport"
"319","BX004002","Castle Hill"
"320","BX004100","Mott Haven"
"321","BX004300","Mott Haven"
"322","BX004400","Soundview"
"323","BX004600","Soundview"
"324","BX004700","Mott Haven"
"325","BX004800","Soundview"
"326","BX004900","Mott Haven"
"327","BX005000","Soundview"
"328","BX005200","Soundview"
"329","BX005301","High Bridge"
"330","BX005302","Morris Heights"
"331","BX005400","Soundview"
"332","BX005600","Soundview"
"333","BX005700","Concourse"
"334","BX005800","Soundview"
"335","BX005901","Concourse"
"336","BX005902","Concourse"
"337","BX006000","West Farms"
"338","BX006100","Concourse"
"339","BX006200","Soundview"
"340","BX006400","Soundview"
"341","BX006500","Melrose"
"342","BX006600","Soundview"
"343","BX006700","Melrose"
"344","BX006800","Soundview"
"345","BX006900","Melrose"
"346","BX007000","Soundview"
"347","BX007100","Melrose"
"348","BX007200","Unionport"
"349","BX007300","Melrose"
"350","BX007400","Castle Hill"
"351","BX007500","Melrose"
"352","BX007700","Melrose"
"353","BX007800","Unionport"
"354","BX007900","Melrose"
"355","BX008100","Port Morris"
"356","BX008300","Longwood"
"357","BX008400","Castle Hill"
"358","BX008500","Longwood"
"359","BX008600","Castle Hill"
"360","BX008700","Longwood"
"361","BX008800","Castle Hill"
"362","BX008900","Longwood"
"363","BX009100","Hunts Point"
"364","BX009200","Unionport"
"365","BX009400","Unionport"
"366","BX009700","Hunts Point"
"367","BX009800","Castle Hill"
"368","BX009900","Hunts Point"
"369","BX010200","Castle Hill"
"370","BX010500","Hunts Point"
"371","BX011000","Throggs Neck"
"372","BX011501","Hunts Point"
"373","BX011502","Hunts Point"
"374","BX011800","Throggs Neck"
"375","BX011900","Longwood"
"376","BX012101","South Bronx"
"377","BX012102","Longwood"
"378","BX012300","South Bronx"
"379","BX012500","South Bronx"
"380","BX012701","Longwood"
"381","BX012702","Longwood"
"382","BX012901","Longwood"
"383","BX012902","Longwood"
"384","BX013000","Throggs Neck"
"385","BX013100","Longwood"
"386","BX013200","Throggs Neck"
"387","BX013300","South Bronx"
"388","BX013500","South Bronx"
"389","BX013700","South Bronx"
"390","BX013800","Throggs Neck"
"391","BX013900","South Bronx"
"392","BX014100","South Bronx"
"393","BX014300","South Bronx"
"394","BX014400","Throggs Neck"
"395","BX014500","South Bronx"
"396","BX014700","South Bronx"
"397","BX014900","South Bronx"
"398","BX015100","South Bronx"
"399","BX015300","South Bronx"
"400","BX015400","Throggs Neck"
"401","BX015500","South Bronx"
"402","BX015600","Throggs Neck"
"403","BX015700","South Bronx"
"404","BX015800","Throggs Neck"
"405","BX016000","Throggs Neck"
"406","BX016100","South Bronx"
"407","BX016200","Throggs Neck"
"408","BX016300","South Bronx"
"409","BX016400","Throggs Neck"
"410","BX016500","South Bronx"
"411","BX016600","Throggs Neck"
"412","BX016700","South Bronx"
"413","BX016900","South Bronx"
"414","BX017100","Concourse"
"415","BX017300","Concourse"
"416","BX017500","Concourse"
"417","BX017700","Concourse"
"418","BX017900","Concourse"
"419","BX018100","Concourse"
"420","BX018300","Concourse"
"421","BX018400","Pelham Bay"
"422","BX018700","High Bridge"
"423","BX018900","High Bridge"
"424","BX019300","High Bridge"
"425","BX019400","Pelham Bay"
"426","BX019500","Concourse"
"427","BX019600","Unionport"
"428","BX019700","Concourse"
"429","BX019800","Westchester Heights"
"430","BX019900","High Bridge"
"431","BX020100","High Bridge"
"432","BX020200","Westchester Heights"
"433","BX020400","Westchester Heights"
"434","BX020500","Morris Heights"
"435","BX020601","Westchester Heights"
"436","BX020602","Parkchester"
"437","BX020800","Parkchester"
"438","BX021000","Parkchester"
"439","BX021100","High Bridge"
"440","BX021200","Parkchester"
"441","BX021301","Morris Heights"
"442","BX021302","High Bridge"
"443","BX021400","Soundview"
"444","BX021501","Morris Heights"
"445","BX021502","Morris Heights"
"446","BX021601","Parkchester"
"447","BX021602","Parkchester"
"448","BX021701","Morris Heights"
"449","BX021702","High Bridge"
"450","BX021800","Parkchester"
"451","BX021900","High Bridge"
"452","BX022000","West Farms"
"453","BX022100","Concourse"
"454","BX022300","Concourse"
"455","BX022401","Morris Park"
"456","BX022402","Morris Park"
"457","BX022500","Concourse"
"458","BX022701","Tremont"
"459","BX022702","Concourse"
"460","BX022703","Concourse"
"461","BX022800","Morris Park"
"462","BX022901","Tremont"
"463","BX022902","Concourse"
"464","BX023000","Van Nest"
"465","BX023100","Tremont"
"466","BX023200","Van Nest"
"467","BX023301","Tremont"
"468","BX023302","Tremont"
"469","BX023400","Van Nest"
"470","BX023501","Tremont"
"471","BX023502","Tremont"
"472","BX023600","Van Nest"
"473","BX023701","Fordham"
"474","BX023702","Fordham"
"475","BX023900","Tremont"
"476","BX024000","Van Nest"
"477","BX024100","Tremont"
"478","BX024200","Parkchester"
"479","BX024300","Morris Heights"
"480","BX024400","Morris Park"
"481","BX024500","University Heights"
"482","BX024600","Morris Park"
"483","BX024700","University Heights"
"484","BX024800","Morris Park"
"485","BX024900","University Heights"
"486","BX025000","Morris Park"
"487","BX025100","University Heights"
"488","BX025200","Morris Park"
"489","BX025300","University Heights"
"490","BX025400","Morris Park"
"491","BX025500","University Heights"
"492","BX025600","Westchester Heights"
"493","BX025700","University Heights"
"494","BX025800","Westchester Heights"
"495","BX026100","University Heights"
"496","BX026300","University Heights"
"497","BX026400","Pelham Bay"
"498","BX026500","University Heights"
"499","BX026601","Pelham Bay"
"500","BX026602","Pelham Bay"
"501","BX026700","Bedford Park"
"502","BX026900","University Heights"
"503","BX027101","Kingsbridge"
"504","BX027102","University Heights"
"505","BX027300","Kingsbridge"
"506","BX027400","Country Club"
"507","BX027600","Pelham Bay Park"
"508","BX027700","Kingsbridge"
"509","BX027900","Kingsbridge"
"510","BX028100","Bedford Park"
"511","BX028300","Kingsbridge"
"512","BX028400","Pelham Bay"
"513","BX028500","Kingsbridge"
"514","BX028600","Morris Park"
"515","BX028700","Kingsbridge"
"516","BX028800","Morris Park"
"517","BX028900","Kingsbridge"
"518","BX029300","Spuyten Duyvil"
"519","BX029500","Spuyten Duyvil"
"520","BX029600","Morris Park"
"521","BX029700","Spuyten Duyvil"
"522","BX030000","Pelham Bay"
"523","BX030100","Spuyten Duyvil"
"524","BX030200","Co-op City"
"525","BX030700","Riverdale"
"526","BX030900","Marble Hill"
"527","BX031000","Pelham Gardens"
"528","BX031200","Pelham Gardens"
"529","BX031400","Pelham Gardens"
"530","BX031600","Pelham Gardens"
"531","BX031700","North Riverdale"
"532","BX031800","Pelham Gardens"
"533","BX031900","North Riverdale"
"534","BX032000","Pelham Gardens"
"535","BX032200","Williamsbridge"
"536","BX032300","North Riverdale"
"537","BX032400","Williamsbridge"
"538","BX032800","Williamsbridge"
"539","BX032900","Riverdale"
"540","BX033000","Williamsbridge"
"541","BX033200","Williamsbridge"
"542","BX033300","Fieldston"
"543","BX033400","Bronx Park"
"544","BX033600","Williamsbridge"
"545","BX033800","Williamsbridge"
"546","BX033900","North Riverdale"
"547","BX034000","Williamsbridge"
"548","BX034100","North Riverdale"
"549","BX034200","Williamsbridge"
"550","BX034300","North Riverdale"
"551","BX034400","Williamsbridge"
"552","BX034500","North Riverdale"
"553","BX034600","Pelham Gardens"
"554","BX035000","Pelham Gardens"
"555","BX035100","Fieldston"
"556","BX035200","Pelham Gardens"
"557","BX035400","Pelham Gardens"
"558","BX035600","Baychester"
"559","BX035800","Baychester"
"560","BX035900","West Farms"
"561","BX036100","West Farms"
"562","BX036300","West Farms"
"563","BX036400","Baychester"
"564","BX036501","East Tremont"
"565","BX036502","East Tremont"
"566","BX036600","Pelham Gardens"
"567","BX036700","South Bronx"
"568","BX036800","Williamsbridge"
"569","BX036901","East Tremont"
"570","BX036902","South Bronx"
"571","BX037000","Williamsbridge"
"572","BX037100","East Tremont"
"573","BX037200","Williamsbridge"
"574","BX037300","East Tremont"
"575","BX037400","Williamsbridge"
"576","BX037501","East Tremont"
"577","BX037502","East Tremont"
"578","BX037503","East Tremont"
"579","BX037600","Williamsbridge"
"580","BX037700","East Tremont"
"581","BX037800","Williamsbridge"
"582","BX037900","Tremont"
"583","BX038000","Williamsbridge"
"584","BX038100","Tremont"
"585","BX038200","Williamsbridge"
"586","BX038300","Fordham"
"587","BX038500","Fordham"
"588","BX038600","Williamsbridge"
"589","BX038700","Belmont"
"590","BX038800","Williamsbridge"
"591","BX038900","Belmont"
"592","BX039000","Williamsbridge"
"593","BX039100","Belmont"
"594","BX039200","Williamsbridge"
"595","BX039300","East Tremont"
"596","BX039400","Williamsbridge"
"597","BX039600","Williamsbridge"
"598","BX039700","Belmont"
"599","BX039800","Williamsbridge"
"600","BX039901","Fordham"
"601","BX039902","Fordham"
"602","BX040100","Fordham"
"603","BX040301","Bedford Park"
"604","BX040302","Bedford Park"
"605","BX040400","Williamsbridge"
"606","BX040500","Bedford Park"
"607","BX040600","Williamsbridge"
"608","BX040701","Bedford Park"
"609","BX040702","Bedford Park"
"610","BX040800","Williamsbridge"
"611","BX040900","Bedford Park"
"612","BX041000","Wakefield"
"613","BX041100","Bedford Park"
"614","BX041300","Bedford Park"
"615","BX041400","Wakefield"
"616","BX041500","Bedford Park"
"617","BX041800","Wakefield"
"618","BX041900","Norwood"
"619","BX042000","Williamsbridge"
"620","BX042100","Norwood"
"621","BX042200","Williamsbridge"
"622","BX042300","Norwood"
"623","BX042400","Williamsbridge"
"624","BX042500","Norwood"
"625","BX042600","Wakefield"
"626","BX042800","Wakefield"
"627","BX042901","Norwood"
"628","BX042902","Norwood"
"629","BX043000","Wakefield"
"630","BX043100","Norwood"
"631","BX043200","Wakefield"
"632","BX043500","Van Cortlandt Park"
"633","BX043600","Wakefield"
"634","BX043800","Wakefield"
"635","BX044000","Wakefield"
"636","BX044200","Wakefield"
"637","BX044600","Wakefield"
"638","BX044800","Wakefield"
"639","BX044901","Woodlawn"
"640","BX044902","Woodlawn"
"641","BX045101","Woodlawn"
"642","BX045102","Woodlawn"
"643","BX045400","Eastchester"
"644","BX045800","Williamsbridge"
"645","BX046000","Williamsbridge"
"646","BX046201","Co-op City"
"647","BX046202","Eastchester"
"648","BX048400","Eastchester"
"649","BX050200","Pelham Bay Park"
"650","BX050400","Pelham Bay Park"
"651","BX051600","City Island"
"652","BK000100","Brooklyn Heights"
"653","BK000200","Sunset Park"
"654","BK000301","Brooklyn Heights"
"655","BK000302","Brooklyn Heights"
"656","BK000500","Brooklyn Heights"
"657","BK000700","Brooklyn Heights"
"658","BK000900","Brooklyn Heights"
"659","BK001100","Downtown"
"660","BK001300","Downtown"
"661","BK001800","Greenwood"
"662","BK002000","Sunset Park"
"663","BK002100","DUMBO"
"664","BK002200","Sunset Park"
"665","BK002300","Fort Greene"
"666","BK002500","Fort Greene"
"667","BK002700","Downtown"
"668","BK002901","Fort Greene"
"669","BK002902","Fort Greene"
"670","BK003000","Bay Ridge"
"671","BK003100","Fort Greene"
"672","BK003200","Bay Ridge"
"673","BK003300","Fort Greene"
"674","BK003400","Bay Ridge"
"675","BK003500","Fort Greene"
"676","BK003600","Bay Ridge"
"677","BK003700","Downtown"
"678","BK003800","Bay Ridge"
"679","BK003900","Boerum Hill"
"680","BK004000","Bay Ridge"
"681","BK004100","Boerum Hill"
"682","BK004200","Bay Ridge"
"683","BK004300","Boerum Hill"
"684","BK004500","Cobble Hill"
"685","BK004600","Bay Ridge"
"686","BK004700","Columbia Street Waterfront District"
"687","BK004900","Cobble Hill"
"688","BK005000","Fort Hamilton"
"689","BK005100","Columbia Street Waterfront District"
"690","BK005201","Fort Hamilton"
"691","BK005202","Fort Hamilton"
"692","BK005400","Fort Hamilton"
"693","BK005500","Red Hook"
"694","BK005601","Fort Hamilton"
"695","BK005602","Fort Hamilton"
"696","BK005700","Red Hook"
"697","BK005800","Fort Hamilton"
"698","BK005900","Red Hook"
"699","BK006000","Fort Hamilton"
"700","BK006200","Bay Ridge"
"701","BK006300","Carroll Gardens"
"702","BK006400","Bay Ridge"
"703","BK006500","Carroll Gardens"
"704","BK006600","Bay Ridge"
"705","BK006700","Carroll Gardens"
"706","BK006800","Bay Ridge"
"707","BK006900","Gowanus"
"708","BK007000","Bay Ridge"
"709","BK007100","Gowanus"
"710","BK007200","Sunset Park"
"711","BK007400","Sunset Park"
"712","BK007500","Gowanus"
"713","BK007600","Sunset Park"
"714","BK007700","Gowanus"
"715","BK007800","Sunset Park"
"716","BK008000","Sunset Park"
"717","BK008200","Sunset Park"
"718","BK008400","Sunset Park"
"719","BK008500","Red Hook"
"720","BK008600","Sunset Park"
"721","BK008800","Sunset Park"
"722","BK009000","Sunset Park"
"723","BK009200","Sunset Park"
"724","BK009400","Sunset Park"
"725","BK009600","Sunset Park"
"726","BK009800","Sunset Park"
"727","BK010000","Sunset Park"
"728","BK010100","Greenwood"
"729","BK010200","Sunset Park"
"730","BK010400","Sunset Park"
"731","BK010600","Sunset Park"
"732","BK010800","Sunset Park"
"733","BK011000","Borough Park"
"734","BK011200","Borough Park"
"735","BK011400","Borough Park"
"736","BK011600","Borough Park"
"737","BK011700","Gowanus"
"738","BK011800","Sunset Park"
"739","BK012000","Sunset Park"
"740","BK012100","Gowanus"
"741","BK012200","Sunset Park"
"742","BK012300","Gowanus"
"743","BK012400","Bay Ridge"
"744","BK012500","Gowanus"
"745","BK012700","Gowanus"
"746","BK012801","Dyker Heights"
"747","BK012802","Bay Ridge"
"748","BK012901","Park Slope"
"749","BK012902","Park Slope"
"750","BK013000","Bay Ridge"
"751","BK013100","Park Slope"
"752","BK013200","Dyker Heights"
"753","BK013300","Park Slope"
"754","BK013400","Bay Ridge"
"755","BK013500","Park Slope"
"756","BK013600","Bay Ridge"
"757","BK013700","Park Slope"
"758","BK013800","Bay Ridge"
"759","BK013900","Park Slope"
"760","BK014000","Dyker Heights"
"761","BK014100","Park Slope"
"762","BK014200","Bay Ridge"
"763","BK014300","Greenwood"
"764","BK014400","Dyker Heights"
"765","BK014500","Greenwood"
"766","BK014600","Dyker Heights"
"767","BK014700","Greenwood"
"768","BK014800","Dyker Heights"
"769","BK014900","Park Slope"
"770","BK015000","Dyker Heights"
"771","BK015100","Park Slope"
"772","BK015300","Park Slope"
"773","BK015400","Dyker Heights"
"774","BK015500","Park Slope"
"775","BK015600","Fort Hamilton"
"776","BK015700","Park Slope"
"777","BK015800","Fort Hamilton"
"778","BK015900","Park Slope"
"779","BK016000","Fort Hamilton"
"780","BK016100","Prospect Heights"
"781","BK016200","Fort Hamilton"
"782","BK016300","Prospect Heights"
"783","BK016400","Fort Hamilton"
"784","BK016500","Park Slope"
"785","BK016700","Park Slope"
"786","BK016800","Bath Beach"
"787","BK016900","Windsor Terrace"
"788","BK017000","Bath Beach"
"789","BK017100","Windsor Terrace"
"790","BK017200","Bath Beach"
"791","BK017300","Windsor Terrace"
"792","BK017400","Bath Beach"
"793","BK017500","Kensington"
"794","BK017600","Bath Beach"
"795","BK017700","Prospect Park"
"796","BK017800","Bath Beach"
"797","BK017900","Fort Greene"
"798","BK018000","Bath Beach"
"799","BK018100","Fort Greene"
"800","BK018200","New Utrecht"
"801","BK018300","Fort Greene"
"802","BK018400","New Utrecht"
"803","BK018501","Fort Greene"
"804","BK018502","Fort Greene"
"805","BK018600","New Utrecht"
"806","BK018700","Fort Greene"
"807","BK018800","New Utrecht"
"808","BK018900","Clinton Hill"
"809","BK019000","New Utrecht"
"810","BK019100","Clinton Hill"
"811","BK019200","Borough Park"
"812","BK019300","Clinton Hill"
"813","BK019400","Dyker Heights"
"814","BK019500","Clinton Hill"
"815","BK019600","Dyker Heights"
"816","BK019700","Clinton Hill"
"817","BK019800","Dyker Heights"
"818","BK019900","Clinton Hill"
"819","BK020000","Dyker Heights"
"820","BK020100","Clinton Hill"
"821","BK020200","Dyker Heights"
"822","BK020300","Prospect Heights"
"823","BK020400","Dyker Heights"
"824","BK020500","Prospect Heights"
"825","BK020600","Dyker Heights"
"826","BK020700","Prospect Heights"
"827","BK020800","Dyker Heights"
"828","BK021000","Dyker Heights"
"829","BK021200","Borough Park"
"830","BK021300","Crown Heights"
"831","BK021400","Borough Park"
"832","BK021500","Crown Heights"
"833","BK021600","Borough Park"
"834","BK021700","Crown Heights"
"835","BK021800","Borough Park"
"836","BK021900","Crown Heights"
"837","BK022000","Borough Park"
"838","BK022100","Crown Heights"
"839","BK022200","Borough Park"
"840","BK022300","Crown Heights"
"841","BK022400","Borough Park"
"842","BK022500","Crown Heights"
"843","BK022600","Kensington"
"844","BK022700","Bedford Stuyvesant"
"845","BK022800","Kensington"
"846","BK022900","Bedford Stuyvesant"
"847","BK023000","Borough Park"
"848","BK023100","Clinton Hill"
"849","BK023200","Borough Park"
"850","BK023300","Bedford Stuyvesant"
"851","BK023400","Borough Park"
"852","BK023500","Bedford Stuyvesant"
"853","BK023600","Borough Park"
"854","BK023700","Bedford Stuyvesant"
"855","BK023800","Borough Park"
"856","BK023900","Bedford Stuyvesant"
"857","BK024000","Borough Park"
"858","BK024100","Bedford Stuyvesant"
"859","BK024200","Borough Park"
"860","BK024300","Bedford Stuyvesant"
"861","BK024400","Ocean Parkway"
"862","BK024500","Bedford Stuyvesant"
"863","BK024600","Ocean Parkway"
"864","BK024700","Crown Heights"
"865","BK024800","Bensonhurst"
"866","BK024900","Bedford Stuyvesant"
"867","BK025000","Bensonhurst"
"868","BK025100","Bedford Stuyvesant"
"869","BK025200","Bensonhurst"
"870","BK025300","Bedford Stuyvesant"
"871","BK025400","Bensonhurst"
"872","BK025500","Bedford Stuyvesant"
"873","BK025600","Bensonhurst"
"874","BK025700","Bedford Stuyvesant"
"875","BK025800","Bensonhurst"
"876","BK025901","Bedford Stuyvesant"
"877","BK025902","Bedford Stuyvesant"
"878","BK026000","Bensonhurst"
"879","BK026100","Bedford Stuyvesant"
"880","BK026200","Bensonhurst"
"881","BK026300","Bedford Stuyvesant"
"882","BK026400","Bensonhurst"
"883","BK026500","Bedford Stuyvesant"
"884","BK026600","Bensonhurst"
"885","BK026700","Bedford Stuyvesant"
"886","BK026800","Bensonhurst"
"887","BK026900","Bedford Stuyvesant"
"888","BK027000","Bensonhurst"
"889","BK027101","Bedford Stuyvesant"
"890","BK027102","Bedford Stuyvesant"
"891","BK027200","Bensonhurst"
"892","BK027300","Bedford Stuyvesant"
"893","BK027400","Bensonhurst"
"894","BK027500","Bedford Stuyvesant"
"895","BK027600","Bensonhurst"
"896","BK027700","Bedford Stuyvesant"
"897","BK027800","Bensonhurst"
"898","BK027900","Bedford Stuyvesant"
"899","BK028000","Bath Beach"
"900","BK028100","Bedford Stuyvesant"
"901","BK028200","Bath Beach"
"902","BK028300","Bedford Stuyvesant"
"903","BK028400","Bensonhurst"
"904","BK028501","Bedford Stuyvesant"
"905","BK028502","Bedford Stuyvesant"
"906","BK028600","Bath Beach"
"907","BK028700","Bedford Stuyvesant"
"908","BK028800","Bensonhurst"
"909","BK028900","Bedford Stuyvesant"
"910","BK029000","Bensonhurst"
"911","BK029100","Bedford Stuyvesant"
"912","BK029200","Bath Beach"
"913","BK029300","Bedford Stuyvesant"
"914","BK029400","Bath Beach"
"915","BK029500","Bedford Stuyvesant"
"916","BK029600","Bath Beach"
"917","BK029700","Bedford Stuyvesant"
"918","BK029800","Bensonhurst"
"919","BK029900","Bedford Stuyvesant"
"920","BK030000","Bath Beach"
"921","BK030100","Ocean Hill"
"922","BK030200","Bath Beach"
"923","BK030300","Ocean Hill"
"924","BK030400","Bath Beach"
"925","BK030600","Bath Beach"
"926","BK030700","Crown Heights"
"927","BK030800","Bath Beach"
"928","BK030900","Crown Heights"
"929","BK031100","Crown Heights"
"930","BK031300","Crown Heights"
"931","BK031400","Bath Beach"
"932","BK031500","Crown Heights"
"933","BK031701","Crown Heights"
"934","BK031702","Crown Heights"
"935","BK031900","Crown Heights"
"936","BK032000","Bath Beach"
"937","BK032100","Crown Heights"
"938","BK032300","Crown Heights"
"939","BK032500","Crown Heights"
"940","BK032600","Coney Island"
"941","BK032700","Prospect Lefferts Gardens"
"942","BK032800","Coney Island"
"943","BK032900","Wingate"
"944","BK033000","Coney Island"
"945","BK033100","Crown Heights"
"946","BK033300","Crown Heights"
"947","BK033500","Crown Heights"
"948","BK033600","Coney Island"
"949","BK033700","Crown Heights"
"950","BK033900","Crown Heights"
"951","BK034000","Coney Island"
"952","BK034100","Crown Heights"
"953","BK034200","Coney Island"
"954","BK034300","Crown Heights"
"955","BK034500","Crown Heights"
"956","BK034700","Crown Heights"
"957","BK034801","Coney Island"
"958","BK034802","Coney Island"
"959","BK034900","Crown Heights"
"960","BK035000","Coney Island"
"961","BK035100","Crown Heights"
"962","BK035200","Coney Island"
"963","BK035300","Crown Heights"
"964","BK035400","Coney Island"
"965","BK035500","Crown Heights"
"966","BK035600","Coney Island"
"967","BK035700","Crown Heights"
"968","BK035900","Crown Heights"
"969","BK036001","Brighton Beach"
"970","BK036002","Brighton Beach"
"971","BK036100","Ocean Hill"
"972","BK036200","Brighton Beach"
"973","BK036300","Ocean Hill"
"974","BK036400","Brighton Beach"
"975","BK036501","Ocean Hill"
"976","BK036502","Brownsville"
"977","BK036600","Brighton Beach"
"978","BK036700","Ocean Hill"
"979","BK036900","Ocean Hill"
"980","BK037000","Gravesend"
"981","BK037100","Ocean Hill"
"982","BK037300","Ocean Hill"
"983","BK037400","Gravesend"
"984","BK037500","Bedford Stuyvesant"
"985","BK037700","Bedford Stuyvesant"
"986","BK037900","Bedford Stuyvesant"
"987","BK038100","Bedford Stuyvesant"
"988","BK038200","Gravesend"
"989","BK038300","Bedford Stuyvesant"
"990","BK038500","Bedford Stuyvesant"
"991","BK038600","Gravesend"
"992","BK038700","Bedford Stuyvesant"
"993","BK038800","Gravesend"
"994","BK038900","Bushwick"
"995","BK039000","Gravesend"
"996","BK039100","Bushwick"
"997","BK039200","Gravesend"
"998","BK039300","Bushwick"
"999","BK039400","Gravesend"
"1000","BK039500","Bushwick"
"1001","BK039600","Gravesend"
"1002","BK039700","Bushwick"
"1003","BK039800","Gravesend"
"1004","BK039900","Bushwick"
"1005","BK040000","Gravesend"
"1006","BK040100","Bushwick"
"1007","BK040200","Gravesend"
"1008","BK040300","Bushwick"
"1009","BK040400","Gravesend"
"1010","BK040500","Bushwick"
"1011","BK040600","Gravesend"
"1012","BK040700","Bushwick"
"1013","BK040800","Gravesend"
"1014","BK040900","Bushwick"
"1015","BK041000","Gravesend"
"1016","BK041100","Bushwick"
"1017","BK041200","Gravesend"
"1018","BK041300","Bushwick"
"1019","BK041401","Gravesend"
"1020","BK041402","Gravesend"
"1021","BK041500","Bushwick"
"1022","BK041600","Gravesend"
"1023","BK041700","Bushwick"
"1024","BK041800","Gravesend"
"1025","BK041900","Bushwick"
"1026","BK042000","Gravesend"
"1027","BK042100","Bushwick"
"1028","BK042200","Gravesend"
"1029","BK042300","Bushwick"
"1030","BK042400","Bensonhurst"
"1031","BK042500","Bushwick"
"1032","BK042600","Bensonhurst"
"1033","BK042700","Bushwick"
"1034","BK042800","Gravesend"
"1035","BK042900","Bushwick"
"1036","BK043000","Bensonhurst"
"1037","BK043100","Bushwick"
"1038","BK043200","Bensonhurst"
"1039","BK043300","Bushwick"
"1040","BK043400","Bensonhurst"
"1041","BK043500","Bushwick"
"1042","BK043600","Bensonhurst"
"1043","BK043700","Bushwick"
"1044","BK043800","Ocean Parkway"
"1045","BK043900","Bushwick"
"1046","BK044000","Ocean Parkway"
"1047","BK044100","Bushwick"
"1048","BK044200","Ocean Parkway"
"1049","BK044300","Bushwick"
"1050","BK044400","Ocean Parkway"
"1051","BK044500","Bushwick"
"1052","BK044600","Bensonhurst"
"1053","BK044700","Bushwick"
"1054","BK044800","Ocean Parkway"
"1055","BK045000","Ocean Parkway"
"1056","BK045200","Ocean Parkway"
"1057","BK045300","Williamsburg"
"1058","BK045400","Ocean Parkway"
"1059","BK045500","Williamsburg"
"1060","BK045600","Ocean Parkway"
"1061","BK045800","Ocean Parkway"
"1062","BK046001","Ocean Parkway"
"1063","BK046002","Flatbush"
"1064","BK046201","Ocean Parkway"
"1065","BK046202","Ocean Parkway"
"1066","BK046400","Ocean Parkway"
"1067","BK046500","Williamsburg"
"1068","BK046800","Ocean Parkway"
"1069","BK047000","Borough Park"
"1070","BK047200","Borough Park"
"1071","BK047300","Williamsburg"
"1072","BK047400","Borough Park"
"1073","BK047600","Borough Park"
"1074","BK047700","Williamsburg"
"1075","BK047800","Kensington"
"1076","BK048000","Kensington"
"1077","BK048100","Williamsburg"
"1078","BK048200","Kensington"
"1079","BK048300","Williamsburg"
"1080","BK048400","Kensington"
"1081","BK048600","Kensington"
"1082","BK048700","Williamsburg"
"1083","BK048800","Kensington"
"1084","BK048900","Williamsburg"
"1085","BK049000","Kensington"
"1086","BK049100","Williamsburg"
"1087","BK049200","Kensington"
"1088","BK049300","Williamsburg"
"1089","BK049400","Kensington"
"1090","BK049500","Williamsburg"
"1091","BK049600","Kensington"
"1092","BK049700","Williamsburg"
"1093","BK049800","Kensington"
"1094","BK049900","Greenpoint"
"1095","BK050000","Windsor Terrace"
"1096","BK050100","Williamsburg"
"1097","BK050201","Windsor Terrace"
"1098","BK050202","Windsor Terrace"
"1099","BK050300","Williamsburg"
"1100","BK050400","Windsor Terrace"
"1101","BK050500","Williamsburg"
"1102","BK050600","Flatbush"
"1103","BK050700","Williamsburg"
"1104","BK050800","Flatbush"
"1105","BK050900","Williamsburg"
"1106","BK051000","Flatbush"
"1107","BK051100","Williamsburg"
"1108","BK051200","Flatbush"
"1109","BK051300","Williamsburg"
"1110","BK051400","Flatbush"
"1111","BK051500","Williamsburg"
"1112","BK051600","Flatbush"
"1113","BK051700","Williamsburg"
"1114","BK051800","Flatbush"
"1115","BK051900","Williamsburg"
"1116","BK052000","Flatbush"
"1117","BK052200","Prospect Park South"
"1118","BK052300","Williamsburg"
"1119","BK052400","Prospect Park South"
"1120","BK052500","Williamsburg"
"1121","BK052600","Flatbush"
"1122","BK052700","Williamsburg"
"1123","BK052800","Flatbush"
"1124","BK052900","Williamsburg"
"1125","BK053000","Midwood"
"1126","BK053100","Williamsburg"
"1127","BK053200","Midwood"
"1128","BK053300","Williamsburg"
"1129","BK053400","Midwood"
"1130","BK053500","Williamsburg"
"1131","BK053600","Midwood"
"1132","BK053700","Williamsburg"
"1133","BK053800","Midwood"
"1134","BK053900","Williamsburg"
"1135","BK054000","Midwood"
"1136","BK054200","Midwood"
"1137","BK054300","Williamsburg"
"1138","BK054400","Midwood"
"1139","BK054500","Williamsburg"
"1140","BK054600","Midwood"
"1141","BK054700","Williamsburg"
"1142","BK054800","Sheepshead Bay"
"1143","BK054900","Williamsburg"
"1144","BK055000","Sheepshead Bay"
"1145","BK055100","Williamsburg"
"1146","BK055200","Homecrest"
"1147","BK055300","Williamsburg"
"1148","BK055400","Homecrest"
"1149","BK055500","Williamsburg"
"1150","BK055600","Homecrest"
"1151","BK055700","Williamsburg"
"1152","BK055800","Homecrest"
"1153","BK055900","Greenpoint"
"1154","BK056000","Sheepshead Bay"
"1155","BK056200","Sheepshead Bay"
"1156","BK056300","Greenpoint"
"1157","BK056400","Sheepshead Bay"
"1158","BK056500","Greenpoint"
"1159","BK056600","Sheepshead Bay"
"1160","BK056700","Greenpoint"
"1161","BK056800","Sheepshead Bay"
"1162","BK056900","Greenpoint"
"1163","BK057000","Sheepshead Bay"
"1164","BK057100","Greenpoint"
"1165","BK057200","Sheepshead Bay"
"1166","BK057300","Greenpoint"
"1167","BK057400","Sheepshead Bay"
"1168","BK057500","Greenpoint"
"1169","BK057600","Sheepshead Bay"
"1170","BK057700","Williamsburg"
"1171","BK057800","Homecrest"
"1172","BK057900","Greenpoint"
"1173","BK058000","Homecrest"
"1174","BK058200","Homecrest"
"1175","BK058400","Homecrest"
"1176","BK058600","Homecrest"
"1177","BK058800","Sheepshead Bay"
"1178","BK058900","Greenpoint"
"1179","BK059000","Sheepshead Bay"
"1180","BK059100","Greenpoint"
"1181","BK059200","Homecrest"
"1182","BK059300","Greenpoint"
"1183","BK059401","Sheepshead Bay"
"1184","BK059402","Sheepshead Bay"
"1185","BK059600","Sheepshead Bay"
"1186","BK059800","Sheepshead Bay"
"1187","BK060000","Sheepshead Bay"
"1188","BK060600","Sheepshead Bay"
"1189","BK060800","Sheepshead Bay"
"1190","BK061001","Brighton Beach"
"1191","BK061002","Brighton Beach"
"1192","BK061200","Manhattan Beach"
"1193","BK061400","Manhattan Beach"
"1194","BK061600","Manhattan Beach"
"1195","BK061800","Manhattan Beach"
"1196","BK062200","Sheepshead Bay"
"1197","BK062600","Sheepshead Bay"
"1198","BK062800","Gerritsen Beach"
"1199","BK063200","Marine Park"
"1200","BK063600","Marine Park"
"1201","BK063800","Marine Park"
"1202","BK064000","Marine Park"
"1203","BK064200","Sheepshead Bay"
"1204","BK064400","Marine Park"
"1205","BK064600","Marine Park"
"1206","BK064800","Marine Park"
"1207","BK065000","Flatlands"
"1208","BK065200","Marine Park"
"1209","BK065400","Marine Park"
"1210","BK065600","Marine Park"
"1211","BK065800","Marine Park"
"1212","BK066000","Marine Park"
"1213","BK066200","Marine Park"
"1214","BK066600","Sheepshead Bay"
"1215","BK067000","Flatlands"
"1216","BK067200","Flatlands"
"1217","BK067400","Flatlands"
"1218","BK067600","Flatlands"
"1219","BK067800","Flatlands"
"1220","BK068000","Flatlands"
"1221","BK068200","Flatlands"
"1222","BK068600","Mill Basin"
"1223","BK068800","Flatlands"
"1224","BK069000","Flatlands"
"1225","BK069200","Flatlands"
"1226","BK069600","Georgetown"
"1227","BK069800","Mill Basin"
"1228","BK070000","Bergen Beach"
"1229","BK070201","Mill Basin"
"1230","BK070202","Floyd Bennett Field"
"1231","BK070203",NA
"1232","BK070600","Bergen Beach"
"1233","BK072000","Flatlands"
"1234","BK072200","Flatlands"
"1235","BK072400","Flatlands"
"1236","BK072600","Flatlands"
"1237","BK072800","Flatlands"
"1238","BK073000","Flatlands"
"1239","BK073200","Flatlands"
"1240","BK073400","Flatlands"
"1241","BK073600","Flatlands"
"1242","BK073800","Midwood"
"1243","BK074000","Flatlands"
"1244","BK074200","Midwood"
"1245","BK074400","Midwood"
"1246","BK074600","Marine Park"
"1247","BK074800","Midwood"
"1248","BK075000","Midwood"
"1249","BK075200","Midwood"
"1250","BK075400","Midwood"
"1251","BK075600","Midwood"
"1252","BK075800","Midwood"
"1253","BK076000","Midwood"
"1254","BK076200","Midwood"
"1255","BK076400","Flatbush"
"1256","BK076600","Flatbush"
"1257","BK077000","Flatbush"
"1258","BK077200","Flatbush"
"1259","BK077400","Flatbush"
"1260","BK077600","Flatlands"
"1261","BK078000","East Flatbush"
"1262","BK078200","East Flatbush"
"1263","BK078400","East Flatbush"
"1264","BK078600","Flatbush"
"1265","BK078800","Flatbush"
"1266","BK079000","Flatbush"
"1267","BK079200","Flatbush"
"1268","BK079400","Flatbush"
"1269","BK079600","Flatbush"
"1270","BK079800","Prospect Lefferts Gardens"
"1271","BK080000","Prospect Lefferts Gardens"
"1272","BK080200","Prospect Lefferts Gardens"
"1273","BK080400","Prospect Lefferts Gardens"
"1274","BK080600","Wingate"
"1275","BK081000","Wingate"
"1276","BK081200","Wingate"
"1277","BK081400","East Flatbush"
"1278","BK081600","East Flatbush"
"1279","BK081800","Flatbush"
"1280","BK082000","Flatbush"
"1281","BK082200","Flatbush"
"1282","BK082400","Flatbush"
"1283","BK082600","Flatbush"
"1284","BK082800","Flatbush"
"1285","BK083000","East Flatbush"
"1286","BK083200","East Flatbush"
"1287","BK083400","East Flatbush"
"1288","BK083600","East Flatbush"
"1289","BK083800","East Flatbush"
"1290","BK084000","East Flatbush"
"1291","BK084200","East Flatbush"
"1292","BK084400","Flatlands"
"1293","BK084600","East Flatbush"
"1294","BK084800","East Flatbush"
"1295","BK085000","East Flatbush"
"1296","BK085200","East Flatbush"
"1297","BK085400","East Flatbush"
"1298","BK085600","East Flatbush"
"1299","BK085800","East Flatbush"
"1300","BK086000","East Flatbush"
"1301","BK086200","East Flatbush"
"1302","BK086400","East Flatbush"
"1303","BK086600","East Flatbush"
"1304","BK086800","East Flatbush"
"1305","BK087000","East Flatbush"
"1306","BK087200","East Flatbush"
"1307","BK087401","Wingate"
"1308","BK087402","Wingate"
"1309","BK087600","Wingate"
"1310","BK087800","East Flatbush"
"1311","BK088000","East Flatbush"
"1312","BK088200","East Flatbush"
"1313","BK088400","East Flatbush"
"1314","BK088600","East Flatbush"
"1315","BK088800","East Flatbush"
"1316","BK089000","East Flatbush"
"1317","BK089200","East Flatbush"
"1318","BK089400","Brownsville"
"1319","BK089600","Brownsville"
"1320","BK089800","Brownsville"
"1321","BK090000","Brownsville"
"1322","BK090200","Brownsville"
"1323","BK090400","Brownsville"
"1324","BK090600","Brownsville"
"1325","BK090800","Brownsville"
"1326","BK091000","Brownsville"
"1327","BK091200","Brownsville"
"1328","BK091400","Brownsville"
"1329","BK091600","Brownsville"
"1330","BK091800","Brownsville"
"1331","BK092000","Brownsville"
"1332","BK092200","Brownsville"
"1333","BK092800","East Flatbush"
"1334","BK093000","East Flatbush"
"1335","BK093400","East Flatbush"
"1336","BK093600","East Flatbush"
"1337","BK093800","East Flatbush"
"1338","BK094000","East Flatbush"
"1339","BK094200","East Flatbush"
"1340","BK094401","Flatlands"
"1341","BK094402","Flatlands"
"1342","BK095000","Canarsie"
"1343","BK095400","Canarsie"
"1344","BK095600","Canarsie"
"1345","BK095800","Canarsie"
"1346","BK096000","Canarsie"
"1347","BK096200","Canarsie"
"1348","BK096400","Canarsie"
"1349","BK096600","Canarsie"
"1350","BK096800","Canarsie"
"1351","BK097000","Canarsie"
"1352","BK097400","Canarsie"
"1353","BK098200","Canarsie"
"1354","BK098400","Canarsie"
"1355","BK098600","Canarsie"
"1356","BK098800","Canarsie"
"1357","BK099000","Canarsie"
"1358","BK099200","Canarsie"
"1359","BK099400","Canarsie"
"1360","BK099600","Canarsie"
"1361","BK099800","Canarsie"
"1362","BK100400","Canarsie"
"1363","BK100600","Canarsie"
"1364","BK100800","Canarsie"
"1365","BK101000","Canarsie"
"1366","BK101200","Canarsie"
"1367","BK101400","Canarsie"
"1368","BK101600","Canarsie"
"1369","BK101800","Canarsie"
"1370","BK102000","Canarsie"
"1371","BK102200","Canarsie"
"1372","BK102400","Canarsie"
"1373","BK102600","Canarsie"
"1374","BK102800","Canarsie"
"1375","BK103400","Canarsie"
"1376","BK105800","East New York"
"1377","BK107000","East New York"
"1378","BK107800","East New York"
"1379","BK109800","Canarsie"
"1380","BK110000","East New York"
"1381","BK110200","East New York"
"1382","BK110600","East New York"
"1383","BK111000","East New York"
"1384","BK111200","East New York"
"1385","BK111400","East New York"
"1386","BK111800","East New York"
"1387","BK112000","East New York"
"1388","BK112200","East New York"
"1389","BK112400","East New York"
"1390","BK112600","East New York"
"1391","BK112800","East New York"
"1392","BK113000","East New York"
"1393","BK113200","East New York"
"1394","BK113400","East New York"
"1395","BK113600","East New York"
"1396","BK113800","East New York"
"1397","BK114000","East New York"
"1398","BK114201","East New York"
"1399","BK114202","East New York"
"1400","BK114600","East New York"
"1401","BK114800","East New York"
"1402","BK115000","East New York"
"1403","BK115200","East New York"
"1404","BK115400","East New York"
"1405","BK115600","East New York"
"1406","BK115800","East New York"
"1407","BK116000","East New York"
"1408","BK116200","East New York"
"1409","BK116400","East New York"
"1410","BK116600","East New York"
"1411","BK116800","East New York"
"1412","BK117000","East New York"
"1413","BK117201","East New York"
"1414","BK117202","East New York"
"1415","BK117400","East New York"
"1416","BK117601","East New York"
"1417","BK117602","East New York"
"1418","BK117800","East New York"
"1419","BK118000","East New York"
"1420","BK118201","East New York"
"1421","BK118202","East New York"
"1422","BK118400","East New York"
"1423","BK118600","East New York"
"1424","BK118800","East New York"
"1425","BK119000","East New York"
"1426","BK119200","East New York"
"1427","BK119400","East New York"
"1428","BK119600","East New York"
"1429","BK120000","East New York"
"1430","BK120200","East New York"
"1431","BK120800","East New York"
"1432","BK121000","East New York"
"1433","BK121400","East New York"
"1434","BK122000","East New York"
"1435","QN000100","Hunters Point"
"1436","QN000200","Woodhaven"
"1437","QN000400","Woodhaven"
"1438","QN000600","Woodhaven"
"1439","QN000700","Hunters Point"
"1440","QN000800","Woodhaven"
"1441","QN001000","Woodhaven"
"1442","QN001200","Woodhaven"
"1443","QN001400","Woodhaven"
"1444","QN001600","Woodhaven"
"1445","QN001800","Woodhaven"
"1446","QN001900","Hunters Point"
"1447","QN002000","Woodhaven"
"1448","QN002200","Woodhaven"
"1449","QN002400","Richmond Hill"
"1450","QN002500","Astoria"
"1451","QN002600","Richmond Hill"
"1452","QN002700","Astoria"
"1453","QN002800","Richmond Hill"
"1454","QN002900","Astoria"
"1455","QN003000","Woodhaven"
"1456","QN003100","Astoria"
"1457","QN003200","Ozone Park"
"1458","QN003400","Ozone Park"
"1459","QN003500","Astoria"
"1460","QN003600","Ozone Park"
"1461","QN003700","Astoria"
"1462","QN003800","Ozone Park"
"1463","QN003900","Astoria"
"1464","QN004001","Ozone Park"
"1465","QN004002","Ozone Park"
"1466","QN004100","Astoria"
"1467","QN004200","Ozone Park"
"1468","QN004300","Astoria"
"1469","QN004401","Ozone Park"
"1470","QN004402","East New York"
"1471","QN004500","Astoria"
"1472","QN004700","Astoria"
"1473","QN004900","Astoria"
"1474","QN005000","Ozone Park"
"1475","QN005100","Astoria"
"1476","QN005200","Ozone Park"
"1477","QN005300","Astoria"
"1478","QN005400","Ozone Park"
"1479","QN005500","Astoria"
"1480","QN005700","Astoria"
"1481","QN005800","Ozone Park"
"1482","QN005900","Astoria"
"1483","QN006100","Astoria"
"1484","QN006200","Howard Beach"
"1485","QN006300","Astoria"
"1486","QN006500","Astoria"
"1487","QN006700","Astoria"
"1488","QN006900","Astoria"
"1489","QN007100","Astoria"
"1490","QN007300","Astoria"
"1491","QN007500","Astoria"
"1492","QN007700","Astoria"
"1493","QN007900","Astoria"
"1494","QN008100","Astoria"
"1495","QN008300","Astoria"
"1496","QN008600","Ozone Park"
"1497","QN008700","Astoria"
"1498","QN008800","Ozone Park"
"1499","QN009100","Astoria"
"1500","QN009400","Ozone Park"
"1501","QN009500","Astoria"
"1502","QN009600","Ozone Park"
"1503","QN009700","Astoria"
"1504","QN009800","South Ozone Park"
"1505","QN009900","Astoria"
"1506","QN010000","South Ozone Park"
"1507","QN010100","Astoria"
"1508","QN010200","South Ozone Park"
"1509","QN010300","Astoria"
"1510","QN010400","South Ozone Park"
"1511","QN010500","Astoria"
"1512","QN010600","South Ozone Park"
"1513","QN010700","Astoria"
"1514","QN010800","Richmond Hill"
"1515","QN011000","Ozone Park"
"1516","QN011100","Astoria"
"1517","QN011200","Ozone Park"
"1518","QN011300","Astoria"
"1519","QN011400","Ozone Park"
"1520","QN011500","Astoria"
"1521","QN011600","Ozone Park"
"1522","QN011700","Astoria"
"1523","QN011800","Richmond Hill"
"1524","QN011900","Astoria"
"1525","QN012000","Richmond Hill"
"1526","QN012100","Astoria"
"1527","QN012200","Richmond Hill"
"1528","QN012300","Astoria"
"1529","QN012400","Richmond Hill"
"1530","QN012601","Richmond Hill"
"1531","QN012602","Richmond Hill"
"1532","QN012800","Richmond Hill"
"1533","QN013000","Richmond Hill"
"1534","QN013200","Richmond Hill"
"1535","QN013400","Kew Gardens"
"1536","QN013500","Astoria"
"1537","QN013600","Kew Gardens"
"1538","QN013700","Astoria"
"1539","QN013800","Kew Gardens"
"1540","QN014000","Kew Gardens"
"1541","QN014100","Astoria"
"1542","QN014201","Richmond Hill"
"1543","QN014202","Richmond Hill"
"1544","QN014300","Astoria"
"1545","QN014400","Richmond Hill"
"1546","QN014500","Astoria"
"1547","QN014700","Astoria"
"1548","QN014800","Richmond Hill"
"1549","QN014900","Astoria"
"1550","QN015000","Richmond Hill"
"1551","QN015100","Astoria"
"1552","QN015200","Richmond Hill"
"1553","QN015300","Astoria"
"1554","QN015400","Richmond Hill"
"1555","QN015500","Astoria"
"1556","QN015600","Richmond Hill"
"1557","QN015700","Sunnyside"
"1558","QN015800","South Ozone Park"
"1559","QN015900","Astoria"
"1560","QN016100","Astoria"
"1561","QN016300","Astoria"
"1562","QN016400","South Ozone Park"
"1563","QN016600","South Ozone Park"
"1564","QN016800","South Ozone Park"
"1565","QN016900","Sunnyside"
"1566","QN017000","South Ozone Park"
"1567","QN017100","Sunnyside"
"1568","QN017200","South Ozone Park"
"1569","QN017400","South Ozone Park"
"1570","QN017600","South Ozone Park"
"1571","QN017800","South Ozone Park"
"1572","QN017900","Sunnyside"
"1573","QN018000","South Ozone Park"
"1574","QN018100","Sunnyside"
"1575","QN018200","Jamaica"
"1576","QN018300","Sunnyside"
"1577","QN018401","Jamaica"
"1578","QN018402","Jamaica"
"1579","QN018500","Sunnyside"
"1580","QN018600","Jamaica"
"1581","QN018700","Sunnyside"
"1582","QN018800","Jamaica"
"1583","QN018900","Sunnyside"
"1584","QN019000","Jamaica"
"1585","QN019100","Sunnyside"
"1586","QN019200","Jamaica"
"1587","QN019401","Jamaica"
"1588","QN019402","Jamaica"
"1589","QN019600","Jamaica"
"1590","QN019700","Blissville"
"1591","QN019800","Jamaica"
"1592","QN020200","Jamaica"
"1593","QN020400","Jamaica"
"1594","QN020501","Maspeth"
"1595","QN020502","Maspeth"
"1596","QN020600","Jamaica"
"1597","QN020800","Jamaica"
"1598","QN021200","Jamaica"
"1599","QN021400","Briarwood"
"1600","QN021600","Briarwood"
"1601","QN021900","Maspeth"
"1602","QN022001","Briarwood"
"1603","QN022002","Briarwood"
"1604","QN022900","Maspeth"
"1605","QN023000","Briarwood"
"1606","QN023200","Briarwood"
"1607","QN023500","Sunnyside"
"1608","QN023600","Jamaica"
"1609","QN023800","Jamaica"
"1610","QN024000","Jamaica"
"1611","QN024300","Maspeth"
"1612","QN024400","Jamaica"
"1613","QN024500","Maspeth"
"1614","QN024600","Jamaica"
"1615","QN024700","Woodside"
"1616","QN024800","Jamaica"
"1617","QN024900","Woodside"
"1618","QN025000","Jamaica"
"1619","QN025100","Woodside"
"1620","QN025200","Jamaica"
"1621","QN025300","Sunnyside"
"1622","QN025500","Woodside"
"1623","QN025700","Woodside"
"1624","QN025800","Jamaica"
"1625","QN025900","Woodside"
"1626","QN026000","Jamaica"
"1627","QN026100","Woodside"
"1628","QN026200","Jamaica"
"1629","QN026300","Woodside"
"1630","QN026400","Jamaica"
"1631","QN026500","Elmhurst"
"1632","QN026600","Jamaica"
"1633","QN026700","Elmhurst"
"1634","QN026900","Elmhurst"
"1635","QN027000","Jamaica"
"1636","QN027100","Elmhurst"
"1637","QN027200","Jamaica"
"1638","QN027300","Jackson Heights"
"1639","QN027400","Jamaica"
"1640","QN027500","Jackson Heights"
"1641","QN027600","Jamaica"
"1642","QN027700","Jackson Heights"
"1643","QN027800","Jamaica"
"1644","QN027900","Jackson Heights"
"1645","QN028000","Jamaica"
"1646","QN028100","Jackson Heights"
"1647","QN028200","Jamaica"
"1648","QN028300","Jackson Heights"
"1649","QN028400","Jamaica"
"1650","QN028500","Jackson Heights"
"1651","QN028700","Jackson Heights"
"1652","QN028800","Jamaica"
"1653","QN028900","Jackson Heights"
"1654","QN029100","Jackson Heights"
"1655","QN029200","Rochdale"
"1656","QN029300","Woodside"
"1657","QN029500","Woodside"
"1658","QN029700","East Elmhurst"
"1659","QN029900","East Elmhurst"
"1660","QN030400","Springfield Gardens"
"1661","QN030901","East Elmhurst"
"1662","QN030902","East Elmhurst"
"1663","QN031700","Astoria Heights"
"1664","QN032000","Springfield Gardens"
"1665","QN032700","East Elmhurst"
"1666","QN032800","Laurelton"
"1667","QN032900","East Elmhurst"
"1668","QN033000","Rochdale"
"1669","QN033100","East Elmhurst"
"1670","QN033401","Rochdale"
"1671","QN033402","Rochdale"
"1672","QN033700","East Elmhurst"
"1673","QN033900","East Elmhurst"
"1674","QN034700","East Elmhurst"
"1675","QN035100","East Elmhurst"
"1676","QN035200","Rochdale"
"1677","QN035300","East Elmhurst"
"1678","QN035500","East Elmhurst"
"1679","QN035800","Laurelton"
"1680","QN036100","East Elmhurst"
"1681","QN036300","East Elmhurst"
"1682","QN036500","East Elmhurst"
"1683","QN036600","St. Albans"
"1684","QN036700","East Elmhurst"
"1685","QN036800","St. Albans"
"1686","QN036900","East Elmhurst"
"1687","QN037100","East Elmhurst"
"1688","QN037300","East Elmhurst"
"1689","QN037500","Corona"
"1690","QN037600","St. Albans"
"1691","QN037700","Corona"
"1692","QN037900","Corona"
"1693","QN038100","Corona"
"1694","QN038300","Forest Hills"
"1695","QN038400","St. Albans"
"1696","QN039400","St. Albans"
"1697","QN039800","St. Albans"
"1698","QN039900","Corona"
"1699","QN040000","St. Albans"
"1700","QN040100","Corona"
"1701","QN040200","Hollis"
"1702","QN040300","Corona"
"1703","QN040400","Hollis"
"1704","QN040500","Corona"
"1705","QN040700","Corona"
"1706","QN040900","Corona"
"1707","QN041000","Jamaica"
"1708","QN041100","Corona"
"1709","QN041300","Corona"
"1710","QN041400","Jamaica"
"1711","QN041500","Corona"
"1712","QN042000","St. Albans"
"1713","QN042200","St. Albans"
"1714","QN042600","St. Albans"
"1715","QN042700","Corona"
"1716","QN043200","St. Albans"
"1717","QN043400","St. Albans"
"1718","QN043700","Corona"
"1719","QN043900","Corona"
"1720","QN044000","Jamaica"
"1721","QN044200","Jamaica"
"1722","QN044300","Corona"
"1723","QN044601","Jamaica"
"1724","QN044602","Jamaica"
"1725","QN044800","Jamaica Hills"
"1726","QN045000","Jamaica Hills"
"1727","QN045200","Jamaica Hills"
"1728","QN045400","Jamaica Hills"
"1729","QN045500","Corona"
"1730","QN045600","Jamaica Hills"
"1731","QN045700","Elmhurst"
"1732","QN045800","Jamaica Estates"
"1733","QN045900","Elmhurst"
"1734","QN046000","Jamaica"
"1735","QN046100","Elmhurst"
"1736","QN046200","Jamaica"
"1737","QN046300","Elmhurst"
"1738","QN046400","Jamaica Estates"
"1739","QN046500","Elmhurst"
"1740","QN046600","Jamaica Estates"
"1741","QN046700","Elmhurst"
"1742","QN046800","Jamaica"
"1743","QN046900","Elmhurst"
"1744","QN047000","Jamaica"
"1745","QN047100","Elmhurst"
"1746","QN047200","Jamaica Estates"
"1747","QN047300","Elmhurst"
"1748","QN047500","Elmhurst"
"1749","QN047600","Holliswood"
"1750","QN047800","Holliswood"
"1751","QN047900","Elmhurst"
"1752","QN048000","Jamaica"
"1753","QN048100","Elmhurst"
"1754","QN048200","Hollis"
"1755","QN048300","Maspeth"
"1756","QN048400","Hollis"
"1757","QN048500","Elmhurst"
"1758","QN048900","Maspeth"
"1759","QN049200","Queens Village"
"1760","QN049301","Maspeth"
"1761","QN049302","Maspeth"
"1762","QN049500","Maspeth"
"1763","QN049600","Queens Village"
"1764","QN049700","Maspeth"
"1765","QN049900","Elmhurst"
"1766","QN050000","Hollis"
"1767","QN050201","Hollis"
"1768","QN050202","Hollis"
"1769","QN050400","Hollis"
"1770","QN050500","Middle Village"
"1771","QN050600","Hollis"
"1772","QN050700","Middle Village"
"1773","QN050800","Hollis"
"1774","QN051000","Hollis"
"1775","QN051100","Maspeth"
"1776","QN051200","Queens Village"
"1777","QN051300","Maspeth"
"1778","QN051500","Maspeth"
"1779","QN051600","Queens Village"
"1780","QN051700","Maspeth"
"1781","QN051800","St. Albans"
"1782","QN052000","St. Albans"
"1783","QN052100","Maspeth"
"1784","QN052200","St. Albans"
"1785","QN052400","Hollis"
"1786","QN052500","Maspeth"
"1787","QN052600","St. Albans"
"1788","QN052700","Maspeth"
"1789","QN052800","St. Albans"
"1790","QN052900","Maspeth"
"1791","QN053000","St. Albans"
"1792","QN053200","St. Albans"
"1793","QN053400","Queens Village"
"1794","QN053500","Maspeth"
"1795","QN053600","Queens Village"
"1796","QN053800","Queens Village"
"1797","QN053900","Ridgewood"
"1798","QN054000","Queens Village"
"1799","QN054200","Queens Village"
"1800","QN054500","Ridgewood"
"1801","QN054700","Ridgewood"
"1802","QN054800","Queens Village"
"1803","QN054900","Ridgewood"
"1804","QN055100","Ridgewood"
"1805","QN055200","Queens Village"
"1806","QN055300","Ridgewood"
"1807","QN055400","Bellerose"
"1808","QN055500","Ridgewood"
"1809","QN055600","Queens Village"
"1810","QN055700","Ridgewood"
"1811","QN055800","Queens Village"
"1812","QN055900","Ridgewood"
"1813","QN056000","Bellerose"
"1814","QN056100","Glendale"
"1815","QN056200","Bellerose"
"1816","QN056400","Bellerose"
"1817","QN056500","Glendale"
"1818","QN056600","Queens Village"
"1819","QN056700","Glendale"
"1820","QN056800","Queens Village"
"1821","QN057700","Glendale"
"1822","QN057800","Queens Village"
"1823","QN057900","Glendale"
"1824","QN058000","Queens Village"
"1825","QN058100","Ridgewood"
"1826","QN058300","Ridgewood"
"1827","QN058500","Ridgewood"
"1828","QN058700","Ridgewood"
"1829","QN058800","Queens Village"
"1830","QN058900","Ridgewood"
"1831","QN059000","Cambria Heights"
"1832","QN059100","Ridgewood"
"1833","QN059200","Cambria Heights"
"1834","QN059300","Ridgewood"
"1835","QN059400","Cambria Heights"
"1836","QN059500","Ridgewood"
"1837","QN059600","Cambria Heights"
"1838","QN059800","Cambria Heights"
"1839","QN059900","Maspeth"
"1840","QN060000","Cambria Heights"
"1841","QN060100","Maspeth"
"1842","QN060200","Cambria Heights"
"1843","QN060300","Maspeth"
"1844","QN060400","Cambria Heights"
"1845","QN060600","Cambria Heights"
"1846","QN060700","Middle Village"
"1847","QN060800","Cambria Heights"
"1848","QN061000","Laurelton"
"1849","QN061200","Laurelton"
"1850","QN061300","Ridgewood"
"1851","QN061400","Cambria Heights"
"1852","QN061601","Laurelton"
"1853","QN061602","Rosedale"
"1854","QN061800","Laurelton"
"1855","QN061900","Middle Village"
"1856","QN062000","Laurelton"
"1857","QN062100","Middle Village"
"1858","QN062300","Glendale"
"1859","QN062400","Laurelton"
"1860","QN062500","Glendale"
"1861","QN062600","Laurelton"
"1862","QN062700","Glendale"
"1863","QN062900","Glendale"
"1864","QN063000","Laurelton"
"1865","QN063200","Laurelton"
"1866","QN063301","Glendale"
"1867","QN063302","Glendale"
"1868","QN063500","Glendale"
"1869","QN063700","Glendale"
"1870","QN063800","Rosedale"
"1871","QN063900","Glendale"
"1872","QN064101","Forest Hills"
"1873","QN064102","Forest Hills"
"1874","QN064500","Forest Hills"
"1875","QN064600","Laurelton"
"1876","QN065000","Laurelton"
"1877","QN065400","Rosedale"
"1878","QN065500","Middle Village"
"1879","QN065600","Rosedale"
"1880","QN065701","Middle Village"
"1881","QN065702","Ridgewood"
"1882","QN065900","Middle Village"
"1883","QN066000","Rosedale"
"1884","QN066100","Middle Village"
"1885","QN066300","Middle Village"
"1886","QN066400","Rosedale"
"1887","QN066500","Middle Village"
"1888","QN066700","Maspeth"
"1889","QN066900","Maspeth"
"1890","QN067101","Middle Village"
"1891","QN067102","Middle Village"
"1892","QN067700","Middle Village"
"1893","QN067900","Middle Village"
"1894","QN068000","Springfield Gardens"
"1895","QN068200","Laurelton"
"1896","QN068300","Elmhurst"
"1897","QN068700","Rego Park"
"1898","QN069000","Springfield Gardens"
"1899","QN069300","Rego Park"
"1900","QN069400","Springfield Gardens"
"1901","QN069500","Rego Park"
"1902","QN069701","Rego Park"
"1903","QN069702","Rego Park"
"1904","QN070300","Rego Park"
"1905","QN070700","Forest Hills"
"1906","QN070900","Forest Hills"
"1907","QN071100","Forest Hills"
"1908","QN071301","Forest Hills"
"1909","QN071302","Forest Hills"
"1910","QN071600","John F. Kennedy International Airport"
"1911","QN071700","Rego Park"
"1912","QN071900","Forest Hills"
"1913","QN072100","Forest Hills"
"1914","QN072500","Forest Hills Gardens"
"1915","QN072700","Forest Hills"
"1916","QN072900","Forest Hills"
"1917","QN073100","Forest Hills"
"1918","QN073300","Forest Hills Gardens"
"1919","QN073500","Forest Hills Gardens"
"1920","QN073700","Forest Hills Gardens"
"1921","QN073900","Forest Hills"
"1922","QN074100","Forest Hills"
"1923","QN074300","Forest Hills"
"1924","QN074500","Forest Hills"
"1925","QN074700","Forest Hills"
"1926","QN075700","Forest Hills"
"1927","QN076600","Springfield Gardens"
"1928","QN076800","Rochdale"
"1929","QN076901","Forest Hills"
"1930","QN076902","Forest Hills"
"1931","QN077100","Forest Hills Gardens"
"1932","QN077300","Kew Gardens"
"1933","QN077500","Kew Gardens"
"1934","QN077901","Kew Gardens Hills"
"1935","QN077902","Kew Gardens Hills"
"1936","QN077903","Kew Gardens Hills"
"1937","QN077904","Kew Gardens Hills"
"1938","QN077905","Briarwood"
"1939","QN078800","South Ozone Park"
"1940","QN079000","South Ozone Park"
"1941","QN079200","South Ozone Park"
"1942","QN079300","Kew Gardens Hills"
"1943","QN079700","Flushing"
"1944","QN079900","Flushing"
"1945","QN080301","Flushing"
"1946","QN080302","Kew Gardens Hills"
"1947","QN080900","Kew Gardens Hills"
"1948","QN081400","South Ozone Park"
"1949","QN081800","South Ozone Park"
"1950","QN083700","Flushing"
"1951","QN083800","South Ozone Park"
"1952","QN084000","South Ozone Park"
"1953","QN084500","Flushing"
"1954","QN084601","South Ozone Park"
"1955","QN084602","South Ozone Park"
"1956","QN085100","Flushing"
"1957","QN085300","Flushing"
"1958","QN085500","Murray Hill"
"1959","QN085700","Flushing"
"1960","QN085900","Flushing"
"1961","QN086100","Flushing"
"1962","QN086300","Murray Hill"
"1963","QN086400","Ozone Park"
"1964","QN086500","Murray Hill"
"1965","QN086700","Flushing"
"1966","QN087100","Flushing"
"1967","QN087500","Flushing"
"1968","QN088400","Howard Beach"
"1969","QN088901","Flushing"
"1970","QN088902","Flushing"
"1971","QN089200","Howard Beach"
"1972","QN090700","College Point"
"1973","QN091602","Jacob Riis Park"
"1974","QN091800","Jacob Riis Park"
"1975","QN091900","College Point"
"1976","QN092200","Neponsit"
"1977","QN092500","College Point"
"1978","QN092800","Belle Harbor"
"1979","QN092900","College Point"
"1980","QN093400","Rockaway Park"
"1981","QN093800","Rockaway Park"
"1982","QN093900","College Point"
"1983","QN094201","Rockaway Park"
"1984","QN094202","Rockaway Beach"
"1985","QN094203","Rockaway Beach"
"1986","QN094500","Malba"
"1987","QN094700","College Point"
"1988","QN095200","Arverne"
"1989","QN096200","Arverne"
"1990","QN096400","Arverne"
"1991","QN097201","Far Rockaway"
"1992","QN097202","Far Rockaway"
"1993","QN097300","Whitestone"
"1994","QN098100","Whitestone"
"1995","QN098700","Whitestone"
"1996","QN099100","Whitestone"
"1997","QN099200","Far Rockaway"
"1998","QN099701",NA
"1999","QN099702","Bay Terrace"
"2000","QN099800","Far Rockaway"
"2001","QN099900","Bay Terrace"
"2002","QN100800","Far Rockaway"
"2003","QN101001","Far Rockaway"
"2004","QN101002","Far Rockaway"
"2005","QN101700","Whitestone"
"2006","QN102900","Whitestone"
"2007","QN103201","Far Rockaway"
"2008","QN103202","Far Rockaway"
"2009","QN103300","Whitestone"
"2010","QN103900","Whitestone"
"2011","QN104700","Murray Hill"
"2012","QN105900","Murray Hill"
"2013","QN107201","Broad Channel"
"2014","QN107202","East Jamaica Bay Islands"
"2015","QN108101","Bayside"
"2016","QN108102","Bayside"
"2017","QN108300","Bayside"
"2018","QN109100","Bayside"
"2019","QN109700","Bayside"
"2020","QN109900","Bayside"
"2021","QN111300","Bayside"
"2022","QN112300","Bayside"
"2023","QN112900","Bayside"
"2024","QN113300","Bayside"
"2025","QN113900","Murray Hill"
"2026","QN114100","Murray Hill"
"2027","QN114700","Murray Hill"
"2028","QN115100","Murray Hill"
"2029","QN115500","Murray Hill"
"2030","QN115700","Murray Hill"
"2031","QN115900","Murray Hill"
"2032","QN116100","Murray Hill"
"2033","QN116300","Murray Hill"
"2034","QN116700","Murray Hill"
"2035","QN117100","Murray Hill"
"2036","QN117500","Auburndale"
"2037","QN118100","Auburndale"
"2038","QN118500","Auburndale"
"2039","QN118700","Murray Hill"
"2040","QN118900","Murray Hill"
"2041","QN119100","Murray Hill"
"2042","QN119300","Auburndale"
"2043","QN119500","Auburndale"
"2044","QN119900","Flushing"
"2045","QN120100","Flushing"
"2046","QN120300","Flushing"
"2047","QN120500","Flushing"
"2048","QN120700","Auburndale"
"2049","QN121100","Auburndale"
"2050","QN121500","Flushing"
"2051","QN122300","Fresh Meadows"
"2052","QN122701","Pomonok"
"2053","QN122702","Kew Gardens Hills"
"2054","QN124100","Hillcrest"
"2055","QN124700","Hillcrest"
"2056","QN125700","Hillcrest"
"2057","QN126500","Hillcrest"
"2058","QN126700","Hillcrest"
"2059","QN127300","Jamaica Estates"
"2060","QN127500","Jamaica Estates"
"2061","QN128300","Fresh Meadows"
"2062","QN129101","Oakland Gardens"
"2063","QN129102","Oakland Gardens"
"2064","QN130100","Bellerose"
"2065","QN131900","Douglaston-Little Neck"
"2066","QN133300","Fresh Meadows"
"2067","QN133900","Utopia"
"2068","QN134100","Fresh Meadows"
"2069","QN134700","Fresh Meadows"
"2070","QN136700","Oakland Gardens"
"2071","QN137700","Oakland Gardens"
"2072","QN138501","Bayside"
"2073","QN138502","Douglaston-Little Neck"
"2074","QN139900","Bayside"
"2075","QN140300","Bayside"
"2076","QN140901","Bayside"
"2077","QN140902","Auburndale"
"2078","QN141701","Auburndale"
"2079","QN141702","Fresh Meadows"
"2080","QN142900","Auburndale"
"2081","QN143500","Bayside"
"2082","QN144100","Bayside"
"2083","QN144700","Bayside"
"2084","QN145101","Auburndale"
"2085","QN145102","Bayside"
"2086","QN145900","Auburndale"
"2087","QN146300","Bayside"
"2088","QN146700","Bayside"
"2089","QN147100","Bayside"
"2090","QN147900","Douglaston-Little Neck"
"2091","QN148300","Douglaston-Little Neck"
"2092","QN150701","Douglaston-Little Neck"
"2093","QN150702","Douglaston-Little Neck"
"2094","QN152901","Douglaston-Little Neck"
"2095","QN152902","Douglaston-Little Neck"
"2096","QN155101","Glen Oaks"
"2097","QN155102","Glen Oaks"
"2098","QN156700","Bellerose"
"2099","QN157101","Bellerose"
"2100","QN157102","Bellerose"
"2101","QN157901","Floral park"
"2102","QN157902","Floral park"
"2103","QN157903","Floral park"
"2104","QN161700","Bellerose"
"2105","QN162100","Bellerose"
"2106","QN162200",NA
"2107","SI000300","St. George"
"2108","SI000600","Rosebank"
"2109","SI000700","St. George"
"2110","SI000800","Rosebank"
"2111","SI000900","St. George"
"2112","SI001100","St. George"
"2113","SI001500","New Brighton"
"2114","SI001700","Tompkinsville"
"2115","SI001800","Fort Wadsworth"
"2116","SI002001","Rosebank"
"2117","SI002002","Arrochar"
"2118","SI002100","Stapleton"
"2119","SI002700","Stapleton"
"2120","SI002900","Stapleton"
"2121","SI003300","Grymes Hill"
"2122","SI003600","Rosebank"
"2123","SI003900","Grymes Hill"
"2124","SI004000","Park Hill"
"2125","SI004700","Grymes Hill"
"2126","SI005000","Grasmere - Concord"
"2127","SI005900","Silver Lake"
"2128","SI006400","Arrochar"
"2129","SI006500","Randall Manor"
"2130","SI007000","South Beach"
"2131","SI007400","Arrochar"
"2132","SI007500","New Brighton"
"2133","SI007700","New Brighton"
"2134","SI008100","New Brighton"
"2135","SI008900","Randall Manor"
"2136","SI009100","Randall Manor"
"2137","SI009601","Old Town"
"2138","SI009602","Old Town"
"2139","SI009700","West Brighton"
"2140","SI010500","West Brighton"
"2141","SI011201","Midland Beach"
"2142","SI011202","Midland Beach"
"2143","SI011401","Dongan Hills"
"2144","SI011402","Grant City"
"2145","SI012100","West Brighton"
"2146","SI012200","Grant City"
"2147","SI012500","West Brighton"
"2148","SI012803","Oakwood"
"2149","SI012804","New Dorp Beach"
"2150","SI013201","Oakwood"
"2151","SI013203","Great Kills"
"2152","SI013204","Bay Terrace"
"2153","SI013301","West Brighton"
"2154","SI013302","West Brighton"
"2155","SI013400","New Dorp"
"2156","SI013800","Richmond Town"
"2157","SI014100","Port Richmond"
"2158","SI014603","Great Kills"
"2159","SI014604","Great Kills"
"2160","SI014605","Great Kills"
"2161","SI014606","Richmond Town"
"2162","SI014700","Castleton Corners"
"2163","SI015100","Castleton Corners"
"2164","SI015400","Great Kills"
"2165","SI015601","Great Kills"
"2166","SI015602","Eltingville"
"2167","SI015603","Great Kills"
"2168","SI016901","Sunnyside"
"2169","SI016902","Emerson Hill"
"2170","SI017005","Annadale"
"2171","SI017006","Eltingville"
"2172","SI017007","Greenridge"
"2173","SI017008","Greenridge"
"2174","SI017009","Huguenot"
"2175","SI017010","Arden Heights"
"2176","SI017300","Emerson Hill"
"2177","SI017600","Annadale"
"2178","SI017700","Todt Hill"
"2179","SI017900","Todt Hill"
"2180","SI018500","New Springville"
"2181","SI018701","Castleton Corners"
"2182","SI018702","Emerson Hill"
"2183","SI018901","Willowbrook"
"2184","SI018902","Willowbrook"
"2185","SI019600","Prince's Bay"
"2186","SI019700","Westerleigh"
"2187","SI020100","Westerleigh"
"2188","SI020700","Port Richmond"
"2189","SI020801","Rossville"
"2190","SI020803","Woodrow"
"2191","SI020804","Huguenot"
"2192","SI021300","Port Richmond"
"2193","SI021900","Port Richmond"
"2194","SI022300","Mariner's Harbor"
"2195","SI022600","Woodrow"
"2196","SI023100","Mariner's Harbor"
"2197","SI023600","Pleasant Plains"
"2198","SI023900","Elm Park"
"2199","SI024400","Tottenville"
"2200","SI024700","Port Richmond"
"2201","SI024800","Tottenville"
"2202","SI025100","Meiers Corners"
"2203","SI027301","Willowbrook"
"2204","SI027302","Willowbrook"
"2205","SI027702","Heartland Village"
"2206","SI027703","Heartland Village"
"2207","SI027704","Heartland Village"
"2208","SI027900","Lighthouse Hill"
"2209","SI029102","Bloomfield"
"2210","SI029103","Bulls Head"
"2211","SI029104","Bulls Head"
"2212","SI030301","Graniteville"
"2213","SI030302","Graniteville"
"2214","SI031901","Mariner's Harbor"
"2215","SI031902","Mariner's Harbor"
"2216","SI032300","Port Ivory"
